usuario,correo,imagen
Limberg,Limberg@gmail.com,C:\Users\limbe\PycharmProjects\ProyectoFinal\training_images\Limberg.jpg
Limberg,Limberg@gmail.com,C:\Users\limbe\PycharmProjects\ProyectoFinal\training_images\Limberg.jpg
Limberg,LimbergRuiz@gmail.com,C:\Users\limbe\PycharmProjects\ProyectoFinal\training_images\Limberg.jpg
Limberg,LimbergRuizParejas@gmail.com,C:\Users\limbe\PycharmProjects\ProyectoFinal\training_images\Limberg.jpg
Limberg,Limberg@gmail.com,C:\Users\limbe\PycharmProjects\ProyectoFinal\training_images\Limberg.jpg
dfsdf,LimbergRuiz@gmail.com,C:\Users\limbe\PycharmProjects\ProyectoFinal\training_images\dfsdf.jpg
Limberg,asds@gmail.com,C:\Users\limbe\PycharmProjects\ProyectoFinal\training_images\Limberg.jpg
Limberg,Limberg@gmail.com,C:\Users\limbe\PycharmProjects\ProyectoFinal\training_images\Limberg.jpg
Limberg,Limberg@gmail.com,C:\Users\limbe\PycharmProjects\ProyectoFinal\training_images\Limberg.jpg
Limberg,Limberg@gmail.com,C:\Users\limbe\PycharmProjects\ProyectoFinal\training_images\Limberg_0.jpg
Limberg,Limberg@gmail.com,C:\Users\limbe\PycharmProjects\ProyectoFinal\training_images\Limberg_1.jpg
Limberg,Limberg@gmail.com,C:\Users\limbe\PycharmProjects\ProyectoFinal\training_images\Limberg_2.jpg
Limberg,Limberg@gmail.com,C:\Users\limbe\PycharmProjects\ProyectoFinal\training_images\Limberg_3.jpg
Limberg,Limberg@gmail.com,C:\Users\limbe\PycharmProjects\ProyectoFinal\training_images\Limberg_4.jpg
Limberg,Limberg@gmail.com,C:\Users\limbe\PycharmProjects\ProyectoFinal\training_images\Limberg_0.jpg
Limberg,Limberg@gmail.com,C:\Users\limbe\PycharmProjects\ProyectoFinal\training_images\Limberg_1.jpg
Limberg,Limberg@gmail.com,C:\Users\limbe\PycharmProjects\ProyectoFinal\training_images\Limberg_2.jpg
Limberg,Limberg@gmail.com,C:\Users\limbe\PycharmProjects\ProyectoFinal\training_images\Limberg_3.jpg
Limberg,Limberg@gmail.com,C:\Users\limbe\PycharmProjects\ProyectoFinal\training_images\Limberg_4.jpg
Limberg,Limberg123@gmail.com,C:\Users\limbe\PycharmProjects\ProyectoFinal\training_images\Limberg_0.jpg
Limberg,Limberg123@gmail.com,C:\Users\limbe\PycharmProjects\ProyectoFinal\training_images\Limberg_1.jpg
Limberg,Limberg123@gmail.com,C:\Users\limbe\PycharmProjects\ProyectoFinal\training_images\Limberg_2.jpg
Limberg,Limberg123@gmail.com,C:\Users\limbe\PycharmProjects\ProyectoFinal\training_images\Limberg_3.jpg
Limberg,Limberg123@gmail.com,C:\Users\limbe\PycharmProjects\ProyectoFinal\training_images\Limberg_4.jpg
